{
  "system": "macOS-13.7.5-x86_64-i386-64bit-Mach-O",
  "architecture": [
    "64bit",
    "Mach-O"
  ],
  "python": "3.13.0",
  "cwd": "/Users/alejandroarizagarcia/PycharmProjects/mywiki-mkdocs",
  "command": "mkdocs gh-deploy",
  "env:$PYTHONPATH": "",
  "sys.path": [
    "/Users/alejandroarizagarcia/PycharmProjects/mywiki-mkdocs/.venv/bin",
    "/Library/Frameworks/Python.framework/Versions/3.13/lib/python313.zip",
    "/Library/Frameworks/Python.framework/Versions/3.13/lib/python3.13",
    "/Library/Frameworks/Python.framework/Versions/3.13/lib/python3.13/lib-dynload",
    "/Users/alejandroarizagarcia/PycharmProjects/mywiki-mkdocs/.venv/lib/python3.13/site-packages"
  ],
  "excluded_entries": [
    "^/.venv/ - /.venv/",
    "^/site/ - /site/",
    "/[^/]*\\.cache($|/) - /.cache/",
    "/\\.idea/ - /.idea/",
    "/[^/]+\\.zip$ - /9.6.11-20.zip",
    "/\\.DS_Store$ - /docs/assets/.DS_Store"
  ]
}